<?xml version="1.0" encoding="UTF-8"?>
<metadata modelVersion="1.1.0">
  <groupId>com.jeesite</groupId>
  <artifactId>beetl</artifactId>
  <version>2.9-SNAPSHOT</version>
  <versioning>
    <snapshot>
      <timestamp>20190322.062459</timestamp>
      <buildNumber>2</buildNumber>
    </snapshot>
    <lastUpdated>20190322062459</lastUpdated>
    <snapshotVersions>
      <snapshotVersion>
        <classifier>sources</classifier>
        <extension>jar</extension>
        <value>2.9-20190322.062459-2</value>
        <updated>20190322062459</updated>
      </snapshotVersion>
      <snapshotVersion>
        <extension>jar</extension>
        <value>2.9-20190322.062459-2</value>
        <updated>20190322062459</updated>
      </snapshotVersion>
      <snapshotVersion>
        <extension>pom</extension>
        <value>2.9-20190322.062459-2</value>
        <updated>20190322062459</updated>
      </snapshotVersion>
      <snapshotVersion>
        <classifier>javadoc</classifier>
        <extension>jar</extension>
        <value>2.9-20190322.062459-2</value>
        <updated>20190322062459</updated>
      </snapshotVersion>
    </snapshotVersions>
  </versioning>
</metadata>
