<?xml version="1.0" encoding="UTF-8"?>
<metadata modelVersion="1.1.0">
  <groupId>com.jeesite</groupId>
  <artifactId>jeesite-framework</artifactId>
  <version>4.1.4-SNAPSHOT</version>
  <versioning>
    <snapshot>
      <timestamp>20190322.084212</timestamp>
      <buildNumber>2</buildNumber>
    </snapshot>
    <lastUpdated>20190322084212</lastUpdated>
    <snapshotVersions>
      <snapshotVersion>
        <extension>jar</extension>
        <value>4.1.4-20190322.084212-2</value>
        <updated>20190322084212</updated>
      </snapshotVersion>
      <snapshotVersion>
        <extension>pom</extension>
        <value>4.1.4-20190322.084212-2</value>
        <updated>20190322084212</updated>
      </snapshotVersion>
    </snapshotVersions>
  </versioning>
</metadata>
