<?xml version="1.0" encoding="UTF-8"?>
<metadata modelVersion="1.1.0">
  <groupId>com.jeesite</groupId>
  <artifactId>jeesite-module-swagger</artifactId>
  <version>4.1.4-SNAPSHOT</version>
  <versioning>
    <snapshot>
      <timestamp>20190320.081409</timestamp>
      <buildNumber>1</buildNumber>
    </snapshot>
    <lastUpdated>20190320081409</lastUpdated>
    <snapshotVersions>
      <snapshotVersion>
        <extension>jar</extension>
        <value>4.1.4-20190320.081409-1</value>
        <updated>20190320081409</updated>
      </snapshotVersion>
      <snapshotVersion>
        <extension>pom</extension>
        <value>4.1.4-20190320.081409-1</value>
        <updated>20190320081409</updated>
      </snapshotVersion>
    </snapshotVersions>
  </versioning>
</metadata>
